element start	element end	element length	sequence	lLTR start	lLTR end	lLTR length	rLTR start	rLTR end	rLTR length	lTSD start	lTSD end	lTSD motif	rTSD start	rTSD end	rTSD motif	PPT start	PPT end	PPT motif	PPT strand	PPT offset	PBS start	PBS end	PBS strand	tRNA	tRNA motif	PBS offset	tRNA offset	PBS/tRNA edist
149500	155909	6410	1_CHROMOSOME_dumped_	149500	149661	162	155757	155909	153	149496	149499	tcac	155910	155913	tcac						155742	155752	-	Arabidopsis_thaliana_tRNA-Lys-CTT-2-3 (chr1.trna225-LysCTT) chr1:5518062-5518134 (-) Lys (CTT) 73 bp Sc: 83.1	cgctcaccgtg	4	0	1	
249531	259127	9597	1_CHROMOSOME_dumped_	249531	249713	183	258936	259127	192	249527	249530	aaga	259128	259131	aaga	249717	249727	agaagaagaga	-	4									
428932	438092	9161	1_CHROMOSOME_dumped_	428932	429046	115	437960	438092	133	428928	428931	cacc	438093	438096	cacc	429050	429063	gagaagaagaagaa	-	4									
2659374	2663971	4598	1_CHROMOSOME_dumped_	2659374	2659694	321	2663653	2663971	319	2659370	2659373	ccca	2663972	2663975	ccca	2659667	2659676	gaaggaagtg	-	27									
3357954	3363283	5330	1_CHROMOSOME_dumped_	3357954	3358064	111	3363160	3363283	124	3357950	3357953	agga	3363284	3363287	agga														
3780765	3785720	4956	1_CHROMOSOME_dumped_	3780765	3781204	440	3785281	3785720	440	3780760	3780764	cttgt	3785721	3785725	cttgt	3785272	3785280	aagaggggg	+	1									rve
3907118	3911673	4556	1_CHROMOSOME_dumped_	3907118	3907314	197	3911483	3911673	191	3907114	3907117	agaa	3911674	3911677	agaa														
4081628	4091086	9459	1_CHROMOSOME_dumped_	4081628	4081733	106	4090985	4091086	102	4081624	4081627	tatt	4091087	4091090	tatt														
4119030	4126617	7588	1_CHROMOSOME_dumped_	4119030	4119157	128	4126498	4126617	120	4119026	4119029	aata	4126618	4126621	aata														
4405997	4411118	5122	1_CHROMOSOME_dumped_	4405997	4406167	171	4410948	4411118	171	4405993	4405996	caat	4411119	4411122	caat														
5691759	5696703	4945	1_CHROMOSOME_dumped_	5691759	5691959	201	5696499	5696703	205	5691755	5691758	attg	5696704	5696707	attg														Retrotrans_gag/rve
5897842	5902839	4998	1_CHROMOSOME_dumped_	5897842	5898141	300	5902552	5902839	288	5897838	5897841	tcct	5902840	5902843	tcct														
5920835	5927113	6279	1_CHROMOSOME_dumped_	5920835	5921108	274	5926845	5927113	269	5920831	5920834	caga	5927114	5927117	caga														
6009304	6014076	4773	1_CHROMOSOME_dumped_	6009304	6009575	272	6013792	6014076	285	6009300	6009303	ttga	6014077	6014080	ttga														rve
6191403	6197517	6115	1_CHROMOSOME_dumped_	6191403	6191508	106	6197414	6197517	104	6191399	6191402	tttt	6197518	6197521	tttt														
6538418	6543536	5119	1_CHROMOSOME_dumped_	6538418	6538580	163	6543374	6543536	163	6538413	6538417	ttttt	6543537	6543541	ttttt	6538553	6538570	agagaaagagatagaaga	-	27									
6719067	6724311	5245	1_CHROMOSOME_dumped_	6719067	6719324	258	6724053	6724311	259	6719063	6719066	ttaa	6724312	6724315	ttaa														
6767255	6773967	6713	1_CHROMOSOME_dumped_	6767255	6767954	700	6773276	6773967	692	6767250	6767254	aaaac	6773968	6773972	aaaac														
6825176	6830220	5045	1_CHROMOSOME_dumped_	6825176	6825287	112	6830108	6830220	113	6825171	6825175	ataca	6830221	6830225	ataca														
7025897	7047012	21116	1_CHROMOSOME_dumped_	7025897	7026051	155	7046860	7047012	153	7025893	7025896	tgtc	7047013	7047016	tgtc														
8445394	8466734	21341	1_CHROMOSOME_dumped_	8445394	8445874	481	8466257	8466734	478	8445390	8445393	aaat	8466735	8466738	aaat	8445854	8445871	aagaggagcgacaggaag	-	20									
8578711	8588761	10051	1_CHROMOSOME_dumped_	8578711	8579006	296	8588462	8588761	300	8578707	8578710	aaat	8588762	8588765	aaat														
8643650	8649288	5639	1_CHROMOSOME_dumped_	8643650	8643771	122	8649165	8649288	124	8643646	8643649	cata	8649289	8649292	cata														
9368344	9373311	4968	1_CHROMOSOME_dumped_	9368344	9368521	178	9373131	9373311	181	9368335	9368343	tgtctctta	9373312	9373320	tgtctctta	9368494	9368501	ttccagtt	-	27									Retrotrans_gag/rve
9476002	9480634	4633	1_CHROMOSOME_dumped_	9476002	9476121	120	9480515	9480634	120	9475997	9476001	gtttg	9480635	9480639	gtttg														Retrotrans_gag/rve
10121579	10125768	4190	1_CHROMOSOME_dumped_	10121579	10121749	171	10125602	10125768	167	10121574	10121578	gatta	10125769	10125773	gatta	10125583	10125593	aaaggaaaaaa	+	9									
10696719	10701589	4871	1_CHROMOSOME_dumped_	10696719	10696906	188	10701400	10701589	190	10696715	10696718	tatt	10701590	10701593	tatt														Retrotrans_gag/rve
11125145	11133104	7960	1_CHROMOSOME_dumped_	11125145	11125303	159	11132944	11133104	161	11125141	11125144	attc	11133105	11133108	attc														
11148084	11152830	4747	1_CHROMOSOME_dumped_	11148084	11148386	303	11152531	11152830	300	11148080	11148083	gtga	11152831	11152834	gtga														Retrotrans_gag/rve
11284903	11295619	10717	1_CHROMOSOME_dumped_	11284903	11285389	487	11295136	11295619	484	11284899	11284902	ttga	11295620	11295623	ttga														
11339006	11344662	5657	1_CHROMOSOME_dumped_	11339006	11339459	454	11344205	11344662	458	11339002	11339005	tatc	11344663	11344666	tatc														
11346530	11355061	8532	1_CHROMOSOME_dumped_	11346530	11347051	522	11354532	11355061	530	11346526	11346529	agaa	11355062	11355065	agaa	11354528	11354536	aggggaaga	+	4									
11697950	11705480	7531	1_CHROMOSOME_dumped_	11697950	11698279	330	11705140	11705480	341	11697945	11697949	ttgtt	11705481	11705485	ttgtt	11705109	11705118	aaacgaaaaa	+	22									
11789447	11794074	4628	1_CHROMOSOME_dumped_	11789447	11789724	278	11793801	11794074	274	11789443	11789446	acag	11794075	11794078	acag	11793796	11793805	aagggaggga	+	4									rve
11890866	11900756	9891	1_CHROMOSOME_dumped_	11890866	11891020	155	11900595	11900756	162	11890862	11890865	aaat	11900757	11900760	aaat														
12194788	12199420	4633	1_CHROMOSOME_dumped_	12194788	12195008	221	12199191	12199420	230	12194784	12194787	attt	12199421	12199424	attt														
12541821	12546900	5080	1_CHROMOSOME_dumped_	12541821	12541987	167	12546731	12546900	170	12541817	12541820	aaat	12546901	12546904	aaat														
12664511	12673933	9423	1_CHROMOSOME_dumped_	12664511	12664681	171	12673776	12673933	158	12664507	12664510	ccaa	12673934	12673937	ccaa														Retrotrans_gag/rve
12871512	12878779	7268	1_CHROMOSOME_dumped_	12871512	12872274	763	12878002	12878779	778	12871508	12871511	aata	12878780	12878783	aata														
12969459	12975236	5778	1_CHROMOSOME_dumped_	12969459	12969646	188	12975048	12975236	189	12969455	12969458	aaac	12975237	12975240	aaac	12975025	12975035	aaaggaagaaa	+	13									
13324761	13329591	4831	1_CHROMOSOME_dumped_	13324761	13324867	107	13329484	13329591	108	13324757	13324760	atat	13329592	13329595	atat														rve
13334465	13339870	5406	1_CHROMOSOME_dumped_	13334465	13334860	396	13339477	13339870	394	13334461	13334464	caat	13339871	13339874	caat						13334865	13334879	+	Arabidopsis_thaliana_tRNA-Thr-AGT-3-1 (chr1.trna209-ThrAGT) chr1:18230479-18230552 (-) Thr (AGT) 74 bp Sc: 65.5	tgctttccttgagag	4	0	1	Retrotrans_gag/RVT_1/rve
13388869	13396650	7782	1_CHROMOSOME_dumped_	13388869	13389001	133	13396527	13396650	124	13388863	13388868	ttaaaa	13396651	13396656	ttaaaa														RVT_1
13398499	13402662	4164	1_CHROMOSOME_dumped_	13398499	13398652	154	13402505	13402662	158	13398495	13398498	gctt	13402663	13402666	gctt														Retrotrans_gag
13439443	13448531	9089	1_CHROMOSOME_dumped_	13439443	13440020	578	13447955	13448531	577	13439439	13439442	atat	13448532	13448535	atat	13447942	13447954	aaaaagggggaga	+	1									rve
13559843	13564825	4983	1_CHROMOSOME_dumped_	13559843	13560074	232	13564594	13564825	232	13559838	13559842	caaaa	13564826	13564830	caaaa														Retrotrans_gag/rve
13593058	13599710	6653	1_CHROMOSOME_dumped_	13593058	13594283	1226	13598486	13599710	1225	13593054	13593057	caag	13599711	13599714	caag						13594286	13594299	+	Arabidopsis_thaliana_tRNA-Asp-GTC-5-1 (chr5.trna27-AspGTC) chr5:11785055-11785129 (+) Asp (GTC) 75 bp Sc: 60.1	tggcgccgtttccg	2	0	1	Retrotrans_gag
13676498	13682108	5611	1_CHROMOSOME_dumped_	13676498	13676685	188	13681919	13682108	190	13676493	13676497	attgt	13682109	13682113	attgt	13676658	13676680	gatgaatcttaattattcggttt	-	27									RVT_1
13818567	13823889	5323	1_CHROMOSOME_dumped_	13818567	13818943	377	13823511	13823889	379	13818563	13818566	tgtt	13823890	13823893	tgtt	13823498	13823510	gaaaggggggaga	+	1									Retrotrans_gag/RVT_1/rve
13883095	13890935	7841	1_CHROMOSOME_dumped_	13883095	13884201	1107	13889807	13890935	1129	13883091	13883094	aaaa	13890936	13890939	aaaa	13889797	13889805	gagggagaa	+	2									Retrotrans_gag/RVT_1/rve
13912841	13919010	6170	1_CHROMOSOME_dumped_	13912841	13913379	539	13918468	13919010	543	13912837	13912840	tatt	13919011	13919014	tatt						13913385	13913397	+	Arabidopsis_thaliana_tRNA-Asp-GTC-5-1 (chr5.trna27-AspGTC) chr5:11785055-11785129 (+) Asp (GTC) 75 bp Sc: 60.1	tggcgccgttgcc	5	0	0	
14019278	14024519	5242	1_CHROMOSOME_dumped_	14019278	14019565	288	14024233	14024519	287	14019274	14019277	aaga	14024520	14024523	aaga	14024208	14024229	gaagggggggggggggaggggg	+	4									Retrotrans_gag/RVT_1/rve
14179555	14183988	4434	1_CHROMOSOME_dumped_	14179555	14179749	195	14183785	14183988	204	14179551	14179554	atca	14183989	14183992	atca														
14214740	14225657	10918	1_CHROMOSOME_dumped_	14214740	14216423	1684	14223976	14225657	1682	14214736	14214739	tctt	14225658	14225661	tctt														Retrotrans_gag
14282118	14286791	4674	1_CHROMOSOME_dumped_	14282118	14282721	604	14286202	14286791	590	14282114	14282117	tgaa	14286792	14286795	tgaa	14282734	14282741	agttctaa	-	13	14286186	14286200	-	Arabidopsis_thaliana_tRNA-Lys-TTT-1-1 (chr1.trna180-LysTTT) chr1:29833117-29833188 (+) Lys (TTT) 72 bp Sc: 87.3	cgccgtctgtgggga	1	0	0	
14745962	14750821	4860	1_CHROMOSOME_dumped_	14745962	14746236	275	14750553	14750821	269	14745958	14745961	atct	14750822	14750825	atct														Retrotrans_gag
15610250	15615956	5707	1_CHROMOSOME_dumped_	15610250	15610590	341	15615615	15615956	342	15610246	15610249	atcc	15615957	15615960	atcc	15610563	15610572	gtatggatgt	-	27									rve
16012601	16019700	7100	1_CHROMOSOME_dumped_	16012601	16013156	556	16019143	16019700	558	16012597	16012600	atgg	16019701	16019704	atgg														Retrotrans_gag/RVT_1/rve
16117817	16124067	6251	1_CHROMOSOME_dumped_	16117817	16118368	552	16123522	16124067	546	16117813	16117816	ggaa	16124068	16124071	ggaa	16123512	16123524	aaaaagggggaga	+	2									
16176836	16181678	4843	1_CHROMOSOME_dumped_	16176836	16177049	214	16181467	16181678	212	16176832	16176835	aaat	16181679	16181682	aaat														rve
16387793	16398190	10398	1_CHROMOSOME_dumped_	16387793	16388151	359	16397817	16398190	374	16387787	16387792	attgag	16398191	16398196	attgag														RVT_1/rve
16537640	16548760	11121	1_CHROMOSOME_dumped_	16537640	16537792	153	16548599	16548760	162	16537635	16537639	ggttt	16548761	16548765	ggttt														
16551721	16557069	5349	1_CHROMOSOME_dumped_	16551721	16552120	400	16556671	16557069	399	16551716	16551720	cagcc	16557070	16557074	cagcc														rve
16569870	16575240	5371	1_CHROMOSOME_dumped_	16569870	16570797	928	16574307	16575240	934	16569866	16569869	atgt	16575241	16575244	atgt														rve
16626036	16637234	11199	1_CHROMOSOME_dumped_	16626036	16626560	525	16636715	16637234	520	16626032	16626035	catc	16637235	16637238	catc														Retrotrans_gag/RVT_1/RNase_H/rve
16638793	16645558	6766	1_CHROMOSOME_dumped_	16638793	16639008	216	16645343	16645558	216	16638789	16638792	agaa	16645559	16645562	agaa	16639024	16639032	caattcaag	-	16									Retrotrans_gag/rve
16674908	16683328	8421	1_CHROMOSOME_dumped_	16674908	16675277	370	16682947	16683328	382	16674904	16674907	tgta	16683329	16683332	tgta	16682932	16682945	aaaaaagggggaga	+	2									rve
16853317	16858040	4724	1_CHROMOSOME_dumped_	16853317	16853448	132	16857903	16858040	138	16853313	16853316	taga	16858041	16858044	taga						16857888	16857898	-	Arabidopsis_thaliana_tRNA-Ala-TGC-4-1 (chr3.trna60-AlaTGC) chr3:23036880-23036952 (+) Ala (TGC) 73 bp Sc: 63.7	cttcgatatcc	4	3	1	Retrotrans_gag/rve
17023916	17029257	5342	1_CHROMOSOME_dumped_	17023916	17024415	500	17028758	17029257	500	17023911	17023915	caaag	17029258	17029262	caaag														Retrotrans_gag/rve
17054990	17060023	5034	1_CHROMOSOME_dumped_	17054990	17055151	162	17059861	17060023	163	17054986	17054989	agtc	17060024	17060027	agtc														Retrotrans_gag/rve
17156581	17161059	4479	1_CHROMOSOME_dumped_	17156581	17156689	109	17160942	17161059	118	17156577	17156580	tata	17161060	17161063	tata														
17247721	17252580	4860	1_CHROMOSOME_dumped_	17247721	17247849	129	17252451	17252580	130	17247717	17247720	tcat	17252581	17252584	tcat														Retrotrans_gag/rve
17255285	17265290	10006	1_CHROMOSOME_dumped_	17255285	17255701	417	17264872	17265290	419	17255281	17255284	taag	17265291	17265294	taag						17255705	17255720	+	Arabidopsis_thaliana_tRNA-Asn-GTT-3-1 (chr1.trna168-AsnGTT) chr1:26049478-26049551 (+) Asn (GTT) 74 bp Sc: 81.8	cgctagaaggaggggt	3	0	0	Retrotrans_gag/RVT_1/rve
17520596	17525126	4531	1_CHROMOSOME_dumped_	17520596	17520758	163	17524963	17525126	164	17520592	17520595	attc	17525127	17525130	attc														Retrotrans_gag/rve
17528667	17536139	7473	1_CHROMOSOME_dumped_	17528667	17529197	531	17535610	17536139	530	17528663	17528666	gaga	17536140	17536143	gaga						17535589	17535604	-	Arabidopsis_thaliana_tRNA-Lys-CTT-2-3 (chr1.trna225-LysCTT) chr1:5518062-5518134 (-) Lys (CTT) 73 bp Sc: 83.1	cgcccaccgtggggct	5	0	0	
17574998	17592212	17215	1_CHROMOSOME_dumped_	17574998	17575245	248	17591982	17592212	231	17574994	17574997	gctt	17592213	17592216	gctt														
17606460	17612336	5877	1_CHROMOSOME_dumped_	17606460	17606778	319	17612013	17612336	324	17606456	17606459	aagg	17612337	17612340	aagg														
18198315	18206598	8284	1_CHROMOSOME_dumped_	18198315	18198941	627	18205955	18206598	644	18198311	18198314	aatt	18206599	18206602	aatt														
18552993	18557995	5003	1_CHROMOSOME_dumped_	18552993	18553100	108	18557885	18557995	111	18552989	18552992	aata	18557996	18557999	aata	18553087	18553106	aaagaaaaaacaaaacaaaa	-	13									
18639849	18648168	8320	1_CHROMOSOME_dumped_	18639849	18640666	818	18647359	18648168	810	18639843	18639848	taatgg	18648169	18648174	taatgg														
18962095	18971496	9402	1_CHROMOSOME_dumped_	18962095	18962530	436	18971065	18971496	432	18962091	18962094	taac	18971497	18971500	taac														Retrotrans_gag/RVT_1/rve
18996885	19001831	4947	1_CHROMOSOME_dumped_	18996885	18997156	272	19001556	19001831	276	18996881	18996884	acat	19001832	19001835	acat														
20085162	20090239	5078	1_CHROMOSOME_dumped_	20085162	20085487	326	20089900	20090239	340	20085158	20085161	attt	20090240	20090243	attt														Retrotrans_gag/rve
21244323	21249201	4879	1_CHROMOSOME_dumped_	21244323	21244468	146	21249061	21249201	141	21244319	21244322	ggag	21249202	21249205	ggag														Retrotrans_gag/rve
21318903	21325509	6607	1_CHROMOSOME_dumped_	21318903	21319496	594	21324929	21325509	581	21318899	21318902	tgat	21325510	21325513	tgat	21324920	21324933	aaaaagagagaaaa	+	4									
21346162	21351041	4880	1_CHROMOSOME_dumped_	21346162	21346346	185	21350857	21351041	185	21346157	21346161	gaaat	21351042	21351046	gaaat														Retrotrans_gag/rve
21438251	21442649	4399	1_CHROMOSOME_dumped_	21438251	21438544	294	21442330	21442649	320	21438247	21438250	gatc	21442650	21442653	gatc	21438568	21438575	gagaagag	-	24									
21930876	21937598	6723	1_CHROMOSOME_dumped_	21930876	21931066	191	21937407	21937598	192	21930872	21930875	gcag	21937599	21937602	gcag														
21947272	21951934	4663	1_CHROMOSOME_dumped_	21947272	21947415	144	21951783	21951934	152	21947268	21947271	ggta	21951935	21951938	ggta														
22100643	22105329	4687	1_CHROMOSOME_dumped_	22100643	22100754	112	22105218	22105329	112	22100639	22100642	atcc	22105330	22105333	atcc														Retrotrans_gag/rve
22272951	22280403	7453	1_CHROMOSOME_dumped_	22272951	22273181	231	22280181	22280403	223	22272947	22272950	gcat	22280404	22280407	gcat	22273154	22273163	aaggagagag	-	27									
22619338	22624555	5218	1_CHROMOSOME_dumped_	22619338	22619723	386	22624147	22624555	409	22619334	22619337	ctct	22624556	22624559	ctct														
22831590	22837366	5777	1_CHROMOSOME_dumped_	22831590	22831751	162	22837210	22837366	157	22831586	22831589	aaat	22837367	22837370	aaat	22837219	22837236	agagagaacaaaagggaa	+	26									
22941592	22946917	5326	1_CHROMOSOME_dumped_	22941592	22942261	670	22946247	22946917	671	22941588	22941591	gatt	22946918	22946921	gatt														
23000655	23008290	7636	1_CHROMOSOME_dumped_	23000655	23001268	614	23007682	23008290	609	23000651	23000654	gatg	23008291	23008294	gatg														
23118242	23123215	4974	1_CHROMOSOME_dumped_	23118242	23118620	379	23122827	23123215	389	23118238	23118241	atgg	23123216	23123219	atgg	23122827	23122835	gaaggaggg	+	8									Retrotrans_gag/rve
23569996	23575851	5856	1_CHROMOSOME_dumped_	23569996	23570197	202	23575657	23575851	195	23569992	23569995	gttt	23575852	23575855	gttt	23570172	23570187	agaggagaaggaaaca	-	25									
23646949	23653338	6390	1_CHROMOSOME_dumped_	23646949	23647065	117	23653217	23653338	122	23646945	23646948	tttc	23653339	23653342	tttc	23647075	23647096	aaaagagagaaaaaaaaaggaa	-	10									
24506842	24514619	7778	1_CHROMOSOME_dumped_	24506842	24507034	193	24514429	24514619	191	24506838	24506841	tcgt	24514620	24514623	tcgt														
24873949	24879663	5715	1_CHROMOSOME_dumped_	24873949	24874256	308	24879362	24879663	302	24873945	24873948	aaga	24879664	24879667	aaga	24874249	24874257	ggaagaaga	-	7									
24938566	24945901	7336	1_CHROMOSOME_dumped_	24938566	24938861	296	24945614	24945901	288	24938562	24938565	aatt	24945902	24945905	aatt														
25265020	25271109	6090	1_CHROMOSOME_dumped_	25265020	25265175	156	25270960	25271109	150	25265016	25265019	ctaa	25271110	25271113	ctaa														
26366608	26371676	5069	1_CHROMOSOME_dumped_	26366608	26366819	212	26371465	26371676	212	26366604	26366607	attt	26371677	26371680	attt														Retrotrans_gag/rve
27199829	27210847	11019	1_CHROMOSOME_dumped_	27199829	27199968	140	27210713	27210847	135	27199825	27199828	acga	27210848	27210851	acga	27199981	27199994	gaatgggaaagagg	-	13									
27829437	27835759	6323	1_CHROMOSOME_dumped_	27829437	27829719	283	27835493	27835759	267	27829433	27829436	gtcc	27835760	27835763	gtcc														
27930411	27936476	6066	1_CHROMOSOME_dumped_	27930411	27931100	690	27935793	27936476	684	27930407	27930410	cgta	27936477	27936480	cgta														
28501879	28506082	4204	1_CHROMOSOME_dumped_	28501879	28502042	164	28505916	28506082	167	28501875	28501878	gaag	28506083	28506086	gaag														
29587846	29595895	8050	1_CHROMOSOME_dumped_	29587846	29587984	139	29595759	29595895	137	29587842	29587845	tctt	29595896	29595899	tctt														
29642083	29647526	5444	1_CHROMOSOME_dumped_	29642083	29643422	1340	29646177	29647526	1350	29642079	29642082	gttg	29647527	29647530	gttg														
29700884	29707698	6815	1_CHROMOSOME_dumped_	29700884	29700998	115	29707581	29707698	118	29700880	29700883	tgtt	29707699	29707702	tgtt														
30419866	30424328	4463	1_CHROMOSOME_dumped_	30419866	30420115	250	30424084	30424328	245	30419862	30419865	gaaa	30424329	30424332	gaaa	30420123	30420130	gagagaaa	-	8									
2080	10521	8442	2_CHROMOSOME_dumped_	2080	2243	164	10370	10521	152	2076	2079	ctcg	10522	10525	ctcg														
167975	174024	6050	2_CHROMOSOME_dumped_	167975	168390	416	173606	174024	419	167971	167974	tggc	174025	174028	tggc														
593307	610013	16707	2_CHROMOSOME_dumped_	593307	593428	122	609890	610013	124	593303	593306	tacg	610014	610017	tacg	609859	609869	gacggaagaaa	+	21									
611690	617410	5721	2_CHROMOSOME_dumped_	611690	611954	265	617170	617410	241	611686	611689	ggaa	617411	617414	ggaa	611953	611962	aaaaaaggga	-	1									
775782	782412	6631	2_CHROMOSOME_dumped_	775782	775952	171	782238	782412	175	775778	775781	caaa	782413	782416	caaa														
909733	914339	4607	2_CHROMOSOME_dumped_	909733	909896	164	914176	914339	164	909729	909732	agtt	914340	914343	agtt	909869	909885	agagaaagagatagaag	-	27									
959966	964731	4766	2_CHROMOSOME_dumped_	959966	960214	249	964487	964731	245	959962	959965	ggat	964732	964735	ggat														
975729	990317	14589	2_CHROMOSOME_dumped_	975729	975870	142	990188	990317	130	975725	975728	ctgt	990318	990321	ctgt														
1235983	1250415	14433	2_CHROMOSOME_dumped_	1235983	1236192	210	1250213	1250415	203	1235979	1235982	acct	1250416	1250419	acct	1236167	1236176	aaaaggaaaa	-	25									
1292790	1297013	4224	2_CHROMOSOME_dumped_	1292790	1292935	146	1296862	1297013	152	1292785	1292789	aactg	1297014	1297018	aactg	1296861	1296880	aaaaacaaaaaggaaagaaa	+	18									
1388832	1393901	5070	2_CHROMOSOME_dumped_	1388832	1389013	182	1393720	1393901	182	1388827	1388831	gttat	1393902	1393906	gttat	1393724	1393746	agaaaagaagaagaagaggaaga	+	26									
1395261	1399523	4263	2_CHROMOSOME_dumped_	1395261	1395428	168	1399355	1399523	169	1395257	1395260	aaaa	1399524	1399527	aaaa	1395401	1395411	agagaaagagg	-	27									
1523655	1531024	7370	2_CHROMOSOME_dumped_	1523655	1523767	113	1530904	1531024	121	1523651	1523654	attt	1531025	1531028	attt														
1557140	1562062	4923	2_CHROMOSOME_dumped_	1557140	1557257	118	1561960	1562062	103	1557136	1557139	attt	1562063	1562066	attt	1557249	1557277	aagtacatgccatcttgagggggcataat	-	8									Retrotrans_gag/rve
1629671	1637490	7820	2_CHROMOSOME_dumped_	1629671	1630786	1116	1636354	1637490	1137	1629667	1629670	tttt	1637491	1637494	tttt														Retrotrans_gag/RVT_1/rve
1882607	1887821	5215	2_CHROMOSOME_dumped_	1882607	1883377	771	1887044	1887821	778	1882603	1882606	tatt	1887822	1887825	tatt	1887028	1887046	gacaaaaaaaaaaaaagaa	+	2									RVT_1
1970254	1974960	4707	2_CHROMOSOME_dumped_	1970254	1970550	297	1974674	1974960	287	1970250	1970253	caaa	1974961	1974964	caaa	1974685	1974693	aaaggggag	+	19									rve
2075307	2080607	5301	2_CHROMOSOME_dumped_	2075307	2075631	325	2080275	2080607	333	2075303	2075306	gtaa	2080608	2080611	gtaa	2075648	2075656	caaggttct	-	17									Retrotrans_gag/RVT_1/rve
2274202	2280048	5847	2_CHROMOSOME_dumped_	2274202	2274752	551	2279497	2280048	552	2274198	2274201	aaaa	2280049	2280052	aaaa	2279483	2279495	aaaaagggggaga	+	2									
2302464	2307170	4707	2_CHROMOSOME_dumped_	2302464	2302753	290	2306882	2307170	289	2302460	2302463	agaa	2307171	2307174	agaa														rve
2745600	2752272	6673	2_CHROMOSOME_dumped_	2745600	2745717	118	2752153	2752272	120	2745595	2745599	ccttt	2752273	2752277	ccttt	2752142	2752152	gaggggggggg	+	1									rve
2844749	2849616	4868	2_CHROMOSOME_dumped_	2844749	2845033	285	2849322	2849616	295	2844745	2844748	gaat	2849617	2849620	gaat														rve
2858551	2864192	5642	2_CHROMOSOME_dumped_	2858551	2859321	771	2863420	2864192	773	2858547	2858550	ctca	2864193	2864196	ctca	2859325	2859335	cagctaatcca	-	4									Retrotrans_gag/rve
2902330	2907117	4788	2_CHROMOSOME_dumped_	2902330	2902486	157	2906961	2907117	157	2902325	2902329	caaat	2907118	2907122	caaat	2906952	2906960	gagggggag	+	1									Retrotrans_gag/rve
2911997	2919582	7586	2_CHROMOSOME_dumped_	2911997	2912190	194	2919386	2919582	197	2911993	2911996	taca	2919583	2919586	taca														
3083903	3089468	5566	2_CHROMOSOME_dumped_	3083903	3084406	504	3088958	3089468	511	3083899	3083902	ctat	3089469	3089472	ctat														Retrotrans_gag/rve
3160549	3166281	5733	2_CHROMOSOME_dumped_	3160549	3161267	719	3165569	3166281	713	3160545	3160548	aaga	3166282	3166285	aaga														rve
3221681	3238915	17235	2_CHROMOSOME_dumped_	3221681	3222246	566	3238344	3238915	572	3221677	3221680	aaca	3238916	3238919	aaca														rve/RVT_1
3270279	3289109	18831	2_CHROMOSOME_dumped_	3270279	3270482	204	3288902	3289109	208	3270275	3270278	tttg	3289110	3289113	tttg														
3367929	3386289	18361	2_CHROMOSOME_dumped_	3367929	3368154	226	3386067	3386289	223	3367925	3367928	atga	3386290	3386293	atga														rve
3426174	3451000	24827	2_CHROMOSOME_dumped_	3426174	3426392	219	3450775	3451000	226	3426170	3426173	gtca	3451001	3451004	gtca	3450748	3450763	aaaagtaaaagaaagg	+	12									
3539977	3559406	19430	2_CHROMOSOME_dumped_	3539977	3540235	259	3559144	3559406	263	3539973	3539976	agtc	3559407	3559410	agtc														Retrotrans_gag
4080728	4088155	7428	2_CHROMOSOME_dumped_	4080728	4080854	127	4088031	4088155	125	4080724	4080727	aaat	4088156	4088159	aaat														
4090709	4096103	5395	2_CHROMOSOME_dumped_	4090709	4091059	351	4095751	4096103	353	4090705	4090708	ataa	4096104	4096107	ataa														Retrotrans_gag/RVT_1
4110947	4115696	4750	2_CHROMOSOME_dumped_	4110947	4111191	245	4115451	4115696	246	4110942	4110946	tctcc	4115697	4115701	tctcc														rve/RVT_1
4116023	4120740	4718	2_CHROMOSOME_dumped_	4116023	4116311	289	4120462	4120740	279	4116018	4116022	atcac	4120741	4120745	atcac	4120451	4120461	aagagggagaa	+	1									rve
4161050	4173975	12926	2_CHROMOSOME_dumped_	4161050	4162259	1210	4172768	4173975	1208	4161045	4161049	gacac	4173976	4173980	gacac														Retrotrans_gag
4230743	4236513	5771	2_CHROMOSOME_dumped_	4230743	4231512	770	4235748	4236513	766	4230739	4230742	ttac	4236514	4236517	ttac														rve
4408338	4413617	5280	2_CHROMOSOME_dumped_	4408338	4408747	410	4413205	4413617	413	4408334	4408337	catc	4413618	4413621	catc														rve
4542920	4547698	4779	2_CHROMOSOME_dumped_	4542920	4543125	206	4547498	4547698	201	4542916	4542919	atta	4547699	4547702	atta	4547496	4547515	gaaaagcagagcaagaaaaa	+	17									RVT_1
4558517	4566125	7609	2_CHROMOSOME_dumped_	4558517	4559018	502	4565631	4566125	495	4558513	4558516	taac	4566126	4566129	taac														Retrotrans_gag/RVT_1/rve
4682601	4690775	8175	2_CHROMOSOME_dumped_	4682601	4682930	330	4690453	4690775	323	4682597	4682600	gact	4690776	4690779	gact	4682920	4682927	ggataaag	-	10									
4693482	4698777	5296	2_CHROMOSOME_dumped_	4693482	4694323	842	4697933	4698777	845	4693477	4693481	atttg	4698778	4698782	atttg														
4737963	4753533	15571	2_CHROMOSOME_dumped_	4737963	4738419	457	4753057	4753533	477	4737959	4737962	ttta	4753534	4753537	ttta														Retrotrans_gag
4775685	4780521	4837	2_CHROMOSOME_dumped_	4775685	4776356	672	4779850	4780521	672	4775681	4775684	gtta	4780522	4780525	gtta														Retrotrans_gag
4818686	4826103	7418	2_CHROMOSOME_dumped_	4818686	4818943	258	4825849	4826103	255	4818682	4818685	attg	4826104	4826107	attg	4825840	4825848	aaggaggag	+	1									rve
5040989	5048393	7405	2_CHROMOSOME_dumped_	5040989	5041510	522	5047894	5048393	500	5040985	5040988	gatt	5048394	5048397	gatt						5041516	5041530	+	Arabidopsis_thaliana_tRNA-Lys-TTT-1-1 (chr1.trna180-LysTTT) chr1:29833117-29833188 (+) Lys (TTT) 72 bp Sc: 87.3	cgctgtctgtgggga	5	0	1	RVT_1
5073848	5078420	4573	2_CHROMOSOME_dumped_	5073848	5074358	511	5077910	5078420	511	5073844	5073847	tgat	5078421	5078424	tgat	5077882	5077889	gaagaaga	+	21									rve
5394710	5399650	4941	2_CHROMOSOME_dumped_	5394710	5395036	327	5399326	5399650	325	5394706	5394709	gttg	5399651	5399654	gttg	5399318	5399326	aagggggag	+	0									rve
6023868	6032902	9035	2_CHROMOSOME_dumped_	6023868	6024050	183	6032715	6032902	188	6023861	6023867	ctttgta	6032903	6032909	ctttgta	6024024	6024032	gtatcaatg	-	26									Retrotrans_gag/rve
6256496	6260935	4440	2_CHROMOSOME_dumped_	6256496	6256663	168	6260765	6260935	171	6256491	6256495	agtta	6260936	6260940	agtta														RVT_1/rve
6422229	6427295	5067	2_CHROMOSOME_dumped_	6422229	6422612	384	6426901	6427295	395	6422225	6422228	gtac	6427296	6427299	gtac														Retrotrans_gag/rve
6819006	6823730	4725	2_CHROMOSOME_dumped_	6819006	6819278	273	6823459	6823730	272	6819001	6819005	cagct	6823731	6823735	cagct	6823450	6823458	aagggggag	+	1									rve
6837314	6843322	6009	2_CHROMOSOME_dumped_	6837314	6837734	421	6842916	6843322	407	6837310	6837313	acaa	6843323	6843326	acaa														rve
6894106	6899938	5833	2_CHROMOSOME_dumped_	6894106	6894337	232	6899735	6899938	204	6894102	6894105	ctta	6899939	6899942	ctta	6894336	6894349	gggaagaaggagga	-	1									
7157625	7166649	9025	2_CHROMOSOME_dumped_	7157625	7157919	295	7166353	7166649	297	7157621	7157624	aagt	7166650	7166653	aagt	7166351	7166360	aaaaagaaaa	+	7									
7224084	7229138	5055	2_CHROMOSOME_dumped_	7224084	7224333	250	7228874	7229138	265	7224080	7224083	taaa	7229139	7229142	taaa														Retrotrans_gag/rve
7373364	7379268	5905	2_CHROMOSOME_dumped_	7373364	7373475	112	7379152	7379268	117	7373360	7373363	ttta	7379269	7379272	ttta														
7448762	7454290	5529	2_CHROMOSOME_dumped_	7448762	7448932	171	7454119	7454290	172	7448758	7448761	ttta	7454291	7454294	ttta														Retrotrans_gag/rve
8697239	8702070	4832	2_CHROMOSOME_dumped_	8697239	8697479	241	8701830	8702070	241	8697235	8697238	taac	8702071	8702074	taac														
8816049	8820894	4846	2_CHROMOSOME_dumped_	8816049	8816235	187	8820703	8820894	192	8816045	8816048	acga	8820895	8820898	acga	8816255	8816263	caaaacatc	-	20									Retrotrans_gag/rve
8873017	8891285	18269	2_CHROMOSOME_dumped_	8873017	8873153	137	8891150	8891285	136	8873013	8873016	tttt	8891286	8891289	tttt	8891137	8891158	aagaacagaaaagaaaacaaag	+	8									
9187492	9195280	7789	2_CHROMOSOME_dumped_	9187492	9188217	726	9194552	9195280	729	9187488	9187491	ggtt	9195281	9195284	ggtt														rve/RVT_1
9306572	9319034	12463	2_CHROMOSOME_dumped_	9306572	9306734	163	9318881	9319034	154	9306568	9306571	ttca	9319035	9319038	ttca														
9927681	9932559	4879	2_CHROMOSOME_dumped_	9927681	9927822	142	9932425	9932559	135	9927677	9927680	ttag	9932560	9932563	ttag	9927842	9927853	tacggattacgt	-	20									Retrotrans_gag/rve
10464648	10471481	6834	2_CHROMOSOME_dumped_	10464648	10464800	153	10471341	10471481	141	10464644	10464647	actc	10471482	10471485	actc														
10483666	10492018	8353	2_CHROMOSOME_dumped_	10483666	10483784	119	10491916	10492018	103	10483662	10483665	tgtt	10492019	10492022	tgtt														rve
10637411	10647335	9925	2_CHROMOSOME_dumped_	10637411	10637719	309	10647045	10647335	291	10637407	10637410	ttat	10647336	10647339	ttat														
11435732	11443090	7359	2_CHROMOSOME_dumped_	11435732	11436262	531	11442556	11443090	535	11435727	11435731	aaagt	11443091	11443095	aaagt														
11721105	11726615	5511	2_CHROMOSOME_dumped_	11721105	11721325	221	11726404	11726615	212	11721101	11721104	atga	11726616	11726619	atga						11726393	11726403	-	Arabidopsis_thaliana_tRNA-Ser-GCT-9-2 (chr2.trna13-SerGCT) chr2:3494382-3494469 (+) Ser (GCT) 88 bp Sc: 43.1	ggagaaaatgg	0	1	1	
12445635	12457164	11530	2_CHROMOSOME_dumped_	12445635	12445793	159	12457017	12457164	148	12445630	12445634	tttaa	12457165	12457169	tttaa														RVT_1
12620243	12625077	4835	2_CHROMOSOME_dumped_	12620243	12620452	210	12624849	12625077	229	12620239	12620242	gaga	12625078	12625081	gaga	12620461	12620477	agagaaaggaagagaag	-	9									
13508554	13515938	7385	2_CHROMOSOME_dumped_	13508554	13509170	617	13515315	13515938	624	13508549	13508553	cgatg	13515939	13515943	cgatg	13515291	13515302	aggagaggagga	+	13									
13664992	13669870	4879	2_CHROMOSOME_dumped_	13664992	13665113	122	13669727	13669870	144	13664988	13664991	acaa	13669871	13669874	acaa														
14026300	14032819	6520	2_CHROMOSOME_dumped_	14026300	14026466	167	14032657	14032819	163	14026296	14026299	gtta	14032820	14032823	gtta	14026443	14026458	gaaagaggagaaaagg	-	23									
14406571	14412855	6285	2_CHROMOSOME_dumped_	14406571	14406688	118	14412731	14412855	125	14406567	14406570	cacc	14412856	14412859	cacc														
16280712	16302420	21709	2_CHROMOSOME_dumped_	16280712	16280937	226	16302188	16302420	233	16280708	16280711	ctct	16302421	16302424	ctct														
17136148	17141211	5064	2_CHROMOSOME_dumped_	17136148	17136399	252	17140974	17141211	238	17136144	17136147	ggct	17141212	17141215	ggct	17140965	17140978	aggaaaatgaagga	+	4									
17252349	17258537	6189	2_CHROMOSOME_dumped_	17252349	17252487	139	17258396	17258537	142	17252345	17252348	agat	17258538	17258541	agat														
17270937	17278587	7651	2_CHROMOSOME_dumped_	17270937	17271603	667	17277920	17278587	668	17270933	17270936	agaa	17278588	17278591	agaa	17271597	17271607	aaaaagaaaaa	-	6									
17676479	17684201	7723	2_CHROMOSOME_dumped_	17676479	17676616	138	17684065	17684201	137	17676475	17676478	tcta	17684202	17684205	tcta														
18347446	18355355	7910	2_CHROMOSOME_dumped_	18347446	18347574	129	18355230	18355355	126	18347442	18347445	tttt	18355356	18355359	tttt														
18659187	18664902	5716	2_CHROMOSOME_dumped_	18659187	18659607	421	18664467	18664902	436	18659183	18659186	caag	18664903	18664906	caag														
780904	798849	17946	3_CHROMOSOME_dumped_	780904	781187	284	798567	798849	283	780900	780903	ttgt	798850	798853	ttgt	781206	781213	agagagga	-	19									
1526151	1535730	9580	3_CHROMOSOME_dumped_	1526151	1526758	608	1535129	1535730	602	1526146	1526150	ccaag	1535731	1535735	ccaag														
1657651	1681989	24339	3_CHROMOSOME_dumped_	1657651	1657943	293	1681689	1681989	301	1657647	1657650	agtt	1681990	1681993	agtt														
3110405	3124906	14502	3_CHROMOSOME_dumped_	3110405	3110659	255	3124649	3124906	258	3110401	3110404	ttga	3124907	3124910	ttga	3124656	3124668	ggatggaaaagag	+	19									
3807306	3812643	5338	3_CHROMOSOME_dumped_	3807306	3807689	384	3812260	3812643	384	3807301	3807305	cacaa	3812644	3812648	cacaa														Retrotrans_gag/RVT_1/rve
6188741	6193283	4543	3_CHROMOSOME_dumped_	6188741	6188975	235	6193045	6193283	239	6188736	6188740	caaac	6193284	6193288	caaac														
6372409	6378607	6199	3_CHROMOSOME_dumped_	6372409	6373650	1242	6377363	6378607	1245	6372405	6372408	tcca	6378608	6378611	tcca	6377366	6377380	gaaagatagagaaag	+	17									
7354085	7359059	4975	3_CHROMOSOME_dumped_	7354085	7354208	124	7358928	7359059	132	7354081	7354084	aaaa	7359060	7359063	aaaa	7358943	7358952	ggagaaagaa	+	24									
7728276	7733244	4969	3_CHROMOSOME_dumped_	7728276	7728484	209	7733049	7733244	196	7728272	7728275	gctc	7733245	7733248	gctc	7728479	7728488	aagaaaaggg	-	5									
7760615	7765156	4542	3_CHROMOSOME_dumped_	7760615	7760748	134	7765018	7765156	139	7760611	7760614	caac	7765157	7765160	caac	7760721	7760729	aagaaaagg	-	27									
8046323	8051045	4723	3_CHROMOSOME_dumped_	8046323	8046439	117	8050937	8051045	109	8046318	8046322	atgga	8051046	8051050	atgga	8046441	8046449	aaaaggaaa	-	2									
8537355	8543559	6205	3_CHROMOSOME_dumped_	8537355	8538176	822	8542738	8543559	822	8537350	8537354	tatat	8543560	8543564	tatat	8542729	8542737	gggagagga	+	1									Retrotrans_gag/RVT_1/rve
8632393	8638600	6208	3_CHROMOSOME_dumped_	8632393	8632546	154	8638437	8638600	164	8632389	8632392	aaat	8638601	8638604	aaat														
9226633	9231377	4745	3_CHROMOSOME_dumped_	9226633	9226922	290	9231088	9231377	290	9226628	9226632	accta	9231378	9231382	accta	9231077	9231086	aaaagggaga	+	2									rve
9243115	9251762	8648	3_CHROMOSOME_dumped_	9243115	9243492	378	9251384	9251762	379	9243111	9243114	tgat	9251763	9251766	tgat	9251384	9251397	gaagaagaagaaga	+	13									
9387852	9393276	5425	3_CHROMOSOME_dumped_	9387852	9388061	210	9393070	9393276	207	9387848	9387851	gggt	9393277	9393280	gggt	9393065	9393074	gaggagggga	+	4	9388058	9388068	+	Arabidopsis_thaliana_tRNA-Met-CAT-1-1 (chr1.trna166-MetCAT) chr1:25941164-25941235 (+) Met (CAT) 72 bp Sc: 66.0	tatcagagcca	4	0	0	Retrotrans_gag/rve
9404664	9410413	5750	3_CHROMOSOME_dumped_	9404664	9405110	447	9409967	9410413	447	9404660	9404663	ttag	9410414	9410417	ttag														
9604460	9613216	8757	3_CHROMOSOME_dumped_	9604460	9605849	1390	9611816	9613216	1401	9604456	9604459	aaaa	9613217	9613220	aaaa	9611806	9611821	agaagaaagatgaaag	+	5									
9692211	9697532	5322	3_CHROMOSOME_dumped_	9692211	9692735	525	9697003	9697532	530	9692207	9692210	actg	9697533	9697536	actg														Retrotrans_gag/rve
10494353	10500970	6618	3_CHROMOSOME_dumped_	10494353	10495030	678	10500284	10500970	687	10494349	10494352	agta	10500971	10500974	agta						10500278	10500288	-	Arabidopsis_thaliana_tRNA-Gln-CTG-2-1 (chr1.trna6-GlnCTG) chr1:892514-892585 (+) Gln (CTG) 72 bp Sc: 69.6	ccacctgagac	5	5	1	
10577158	10581825	4668	3_CHROMOSOME_dumped_	10577158	10577450	293	10581534	10581825	292	10577154	10577157	tcaa	10581826	10581829	tcaa														rve
10711160	10725823	14664	3_CHROMOSOME_dumped_	10711160	10711372	213	10725620	10725823	204	10711156	10711159	ttga	10725824	10725827	ttga	10725616	10725628	gaagaagaaagag	+	8									
11016111	11020804	4694	3_CHROMOSOME_dumped_	11016111	11016228	118	11020687	11020804	118	11016106	11016110	ataac	11020805	11020809	ataac														Retrotrans_gag/rve
11122707	11127675	4969	3_CHROMOSOME_dumped_	11122707	11122846	140	11127536	11127675	140	11122703	11122706	gaat	11127676	11127679	gaat														Retrotrans_gag/rve
11387801	11394402	6602	3_CHROMOSOME_dumped_	11387801	11388221	421	11393979	11394402	424	11387797	11387800	tcaa	11394403	11394406	tcaa														RVT_1/rve
11652697	11657743	5047	3_CHROMOSOME_dumped_	11652697	11652950	254	11657490	11657743	254	11652692	11652696	gaaac	11657744	11657748	gaaac	11657481	11657489	gaggggggg	+	1									Retrotrans_gag/rve
11664969	11669787	4819	3_CHROMOSOME_dumped_	11664969	11665342	374	11669414	11669787	374	11664964	11664968	acaca	11669788	11669792	acaca	11669405	11669413	aaggaggag	+	1									rve
11853471	11859849	6379	3_CHROMOSOME_dumped_	11853471	11853603	133	11859717	11859849	133	11853467	11853470	tatt	11859850	11859853	tatt														Retrotrans_gag
12056081	12071267	15187	3_CHROMOSOME_dumped_	12056081	12056255	175	12071108	12071267	160	12056077	12056080	attt	12071268	12071271	attt														Retrotrans_gag
12275508	12287360	11853	3_CHROMOSOME_dumped_	12275508	12275610	103	12287257	12287360	104	12275504	12275507	agat	12287361	12287364	agat														Retrotrans_gag
12303477	12308746	5270	3_CHROMOSOME_dumped_	12303477	12303673	197	12308552	12308746	195	12303473	12303476	ttta	12308747	12308750	ttta	12303685	12303694	aagagataag	-	12									
12314647	12319070	4424	3_CHROMOSOME_dumped_	12314647	12314861	215	12318844	12319070	227	12314643	12314646	aaat	12319071	12319074	aaat	12314869	12314877	gaagagaaa	-	8									
12478086	12486327	8242	3_CHROMOSOME_dumped_	12478086	12479253	1168	12485171	12486327	1157	12478082	12478085	ttct	12486328	12486331	ttct	12485161	12485169	gggggagaa	+	2									Retrotrans_gag/RVT_1/rve
12491757	12502106	10350	3_CHROMOSOME_dumped_	12491757	12492226	470	12501642	12502106	465	12491753	12491756	ccaa	12502107	12502110	ccaa														Retrotrans_gag/RVT_1/RNase_H/rve
12502664	12508397	5734	3_CHROMOSOME_dumped_	12502664	12502930	267	12508135	12508397	263	12502660	12502663	tttc	12508398	12508401	tttc														RVT_1
12549509	12555919	6411	3_CHROMOSOME_dumped_	12549509	12550408	900	12555024	12555919	896	12549505	12549508	ctcc	12555920	12555923	ctcc														Retrotrans_gag/RVT_1/rve
12613331	12620941	7611	3_CHROMOSOME_dumped_	12613331	12614366	1036	12619912	12620941	1030	12613325	12613330	ttaaaa	12620942	12620947	ttaaaa														Retrotrans_gag/RVT_1/rve
12636500	12644002	7503	3_CHROMOSOME_dumped_	12636500	12636875	376	12643636	12644002	367	12636496	12636499	tcat	12644003	12644006	tcat	12636897	12636904	aaagaaag	-	22									
12674274	12684173	9900	3_CHROMOSOME_dumped_	12674274	12674386	113	12684061	12684173	113	12674270	12674273	gaat	12684174	12684177	gaat														rve
12695928	12704543	8616	3_CHROMOSOME_dumped_	12695928	12697878	1951	12702606	12704543	1938	12695924	12695927	gtgg	12704544	12704547	gtgg														Retrotrans_gag
12960389	12968468	8080	3_CHROMOSOME_dumped_	12960389	12961529	1141	12967339	12968468	1130	12960385	12960388	ggtc	12968469	12968472	ggtc														Retrotrans_gag/RVT_1/rve
13087350	13092790	5441	3_CHROMOSOME_dumped_	13087350	13088106	757	13092042	13092790	749	13087346	13087349	cctc	13092791	13092794	cctc														Retrotrans_gag/RVT_1
13096163	13112097	15935	3_CHROMOSOME_dumped_	13096163	13096903	741	13111356	13112097	742	13096159	13096162	taag	13112098	13112101	taag														RVT_1/rve
13318010	13323173	5164	3_CHROMOSOME_dumped_	13318010	13318269	260	13322900	13323173	274	13318006	13318009	gtaa	13323174	13323177	gtaa														Retrotrans_gag/RVT_1/rve
13334612	13342566	7955	3_CHROMOSOME_dumped_	13334612	13334745	134	13342419	13342566	148	13334608	13334611	ttaa	13342567	13342570	ttaa														
13360109	13368309	8201	3_CHROMOSOME_dumped_	13360109	13360639	531	13367779	13368309	531	13360104	13360108	ccacc	13368310	13368314	ccacc														rve
13369174	13374107	4934	3_CHROMOSOME_dumped_	13369174	13369613	440	13373667	13374107	441	13369169	13369173	caccc	13374108	13374112	caccc	13373658	13373666	aagaggggg	+	1									rve
13440036	13449242	9207	3_CHROMOSOME_dumped_	13440036	13440506	471	13448785	13449242	458	13440032	13440035	ttaa	13449243	13449246	ttaa														Retrotrans_gag/RVT_1/RNase_H/rve
14073146	14081964	8819	3_CHROMOSOME_dumped_	14073146	14074779	1634	14080334	14081964	1631	14073142	14073145	acca	14081965	14081968	acca														Retrotrans_gag
14117876	14141561	23686	3_CHROMOSOME_dumped_	14117876	14119466	1591	14139972	14141561	1590	14117872	14117875	tcat	14141562	14141565	tcat														Retrotrans_gag
14272824	14285579	12756	3_CHROMOSOME_dumped_	14272824	14272963	140	14285443	14285579	137	14272815	14272823	atactaatt	14285580	14285588	atactaatt														
14329874	14334136	4263	3_CHROMOSOME_dumped_	14329874	14329998	125	14334016	14334136	121	14329870	14329873	ttca	14334137	14334140	ttca														rve
14504089	14511689	7601	3_CHROMOSOME_dumped_	14504089	14504217	129	14511568	14511689	122	14504085	14504088	atat	14511690	14511693	atat														Retrotrans_gag/RVT_1
14579222	14584089	4868	3_CHROMOSOME_dumped_	14579222	14579707	486	14583597	14584089	493	14579218	14579221	gagt	14584090	14584093	gagt	14583566	14583576	ggagatgggag	+	21									
14608928	14615360	6433	3_CHROMOSOME_dumped_	14608928	14609051	124	14615245	14615360	116	14608924	14608927	attc	14615361	14615364	attc														rve
14616107	14623209	7103	3_CHROMOSOME_dumped_	14616107	14616832	726	14622481	14623209	729	14616103	14616106	gtat	14623210	14623213	gtat	14622471	14622483	aaaaagggagaga	+	2									
14671141	14675856	4716	3_CHROMOSOME_dumped_	14671141	14671429	289	14675568	14675856	289	14671136	14671140	aaatg	14675857	14675861	aaatg														rve
14729381	14734607	5227	3_CHROMOSOME_dumped_	14729381	14729774	394	14734215	14734607	393	14729375	14729380	ggtttg	14734608	14734613	ggtttg														Retrotrans_gag/RVT_1/rve
14762490	14785730	23241	3_CHROMOSOME_dumped_	14762490	14762671	182	14785550	14785730	181	14762486	14762489	aaca	14785731	14785734	aaca														
14860990	14866191	5202	3_CHROMOSOME_dumped_	14860990	14861246	257	14865941	14866191	251	14860986	14860989	taat	14866192	14866195	taat														rve/RVT_1
14890955	14900038	9084	3_CHROMOSOME_dumped_	14890955	14891164	210	14899837	14900038	202	14890951	14890954	tctt	14900039	14900042	tctt														
14956986	14962254	5269	3_CHROMOSOME_dumped_	14956986	14957276	291	14961970	14962254	285	14956982	14956985	attg	14962255	14962258	attg	14957279	14957287	aagggggag	-	3									
15540529	15549180	8652	3_CHROMOSOME_dumped_	15540529	15541024	496	15548679	15549180	502	15540525	15540528	aaaa	15549181	15549184	aaaa	15548663	15548679	agagaaaaagggggtga	+	0									rve
15591669	15600822	9154	3_CHROMOSOME_dumped_	15591669	15592180	512	15600314	15600822	509	15591665	15591668	cttc	15600823	15600826	cttc	15600300	15600319	aaaaagggggagaatgaaga	+	5									rve
15621872	15626854	4983	3_CHROMOSOME_dumped_	15621872	15622035	164	15626689	15626854	166	15621868	15621871	gttt	15626855	15626858	gttt														Retrotrans_gag/rve
15768786	15773747	4962	3_CHROMOSOME_dumped_	15768786	15768947	162	15773586	15773747	162	15768782	15768785	ctag	15773748	15773751	ctag	15768920	15768927	taaaccat	-	27									Retrotrans_gag/rve
15779153	15801235	22083	3_CHROMOSOME_dumped_	15779153	15779338	186	15801037	15801235	199	15779149	15779152	agta	15801236	15801239	agta	15801046	15801064	gagaggtagaggaagatga	+	27									
15919026	15924075	5050	3_CHROMOSOME_dumped_	15919026	15919228	203	15923874	15924075	202	15919022	15919025	gtta	15924076	15924079	gtta	15919233	15919244	ccatcttgaggg	-	5									Retrotrans_gag/rve
16172247	16183071	10825	3_CHROMOSOME_dumped_	16172247	16172351	105	16182971	16183071	101	16172243	16172246	tttt	16183072	16183075	tttt														RVT_1
16243296	16256896	13601	3_CHROMOSOME_dumped_	16243296	16243418	123	16256788	16256896	109	16243292	16243295	ttgt	16256897	16256900	ttgt														RVT_1
16809187	16814152	4966	3_CHROMOSOME_dumped_	16809187	16809418	232	16813921	16814152	232	16809182	16809186	aacat	16814153	16814157	aacat														Retrotrans_gag/rve
16826414	16832203	5790	3_CHROMOSOME_dumped_	16826414	16826547	134	16832064	16832203	140	16826410	16826413	tcat	16832204	16832207	tcat														
16885889	16894261	8373	3_CHROMOSOME_dumped_	16885889	16885988	100	16894155	16894261	107	16885885	16885888	ttta	16894262	16894265	ttta	16885982	16885990	aaaaaagag	-	6									
16957465	16962731	5267	3_CHROMOSOME_dumped_	16957465	16957957	493	16962238	16962731	494	16957460	16957464	ccctt	16962732	16962736	ccctt														Retrotrans_gag/rve
17031074	17041106	10033	3_CHROMOSOME_dumped_	17031074	17031271	198	17040894	17041106	213	17031070	17031073	tcca	17041107	17041110	tcca	17031264	17031276	gaaaaaagaaaaa	-	7									
17235380	17239718	4339	3_CHROMOSOME_dumped_	17235380	17235702	323	17239403	17239718	316	17235376	17235379	cttg	17239719	17239722	cttg														
17354612	17359635	5024	3_CHROMOSOME_dumped_	17354612	17354839	228	17359406	17359635	230	17354607	17354611	tgtaa	17359636	17359640	tgtaa	17354824	17354832	gaaaaagga	-	15									
17403584	17414141	10558	3_CHROMOSOME_dumped_	17403584	17403699	116	17414031	17414141	111	17403580	17403583	gtaa	17414142	17414145	gtaa														
17447389	17451847	4459	3_CHROMOSOME_dumped_	17447389	17447606	218	17451630	17451847	218	17447385	17447388	aata	17451848	17451851	aata	17451623	17451631	ggaaaaaaa	+	1									
17978754	17983948	5195	3_CHROMOSOME_dumped_	17978754	17979256	503	17983427	17983948	522	17978750	17978753	agtt	17983949	17983952	agtt														rve
18151296	18168081	16786	3_CHROMOSOME_dumped_	18151296	18151457	162	18167932	18168081	150	18151292	18151295	gaca	18168082	18168085	gaca														
18169847	18174127	4281	3_CHROMOSOME_dumped_	18169847	18170032	186	18173949	18174127	179	18169843	18169846	agaa	18174128	18174131	agaa	18173936	18173953	aggaggaggtaagggagg	+	4									
18536569	18541113	4545	3_CHROMOSOME_dumped_	18536569	18536719	151	18540960	18541113	154	18536565	18536568	tgat	18541114	18541117	tgat														
18734248	18739393	5146	3_CHROMOSOME_dumped_	18734248	18734417	170	18739231	18739393	163	18734244	18734247	agaa	18739394	18739397	agaa	18734390	18734399	agagaaagag	-	27									
18791152	18796089	4938	3_CHROMOSOME_dumped_	18791152	18791519	368	18795736	18796089	354	18791148	18791151	tgct	18796090	18796093	tgct	18795727	18795735	gagggggaa	+	1									Retrotrans_gag/rve
19290470	19296623	6154	3_CHROMOSOME_dumped_	19290470	19290678	209	19296409	19296623	215	19290466	19290469	cttt	19296624	19296627	cttt	19296420	19296431	aaaggagaaaga	+	22									
19759349	19765040	5692	3_CHROMOSOME_dumped_	19759349	19759537	189	19764849	19765040	192	19759345	19759348	gagg	19765041	19765044	gagg														
20304946	20310167	5222	3_CHROMOSOME_dumped_	20304946	20305287	342	20309827	20310167	341	20304941	20304945	gtgtg	20310168	20310172	gtgtg														Retrotrans_gag/RVT_1/rve
21485038	21491983	6946	3_CHROMOSOME_dumped_	21485038	21485394	357	21491623	21491983	361	21485034	21485037	cctg	21491984	21491987	cctg														
21576037	21593706	17670	3_CHROMOSOME_dumped_	21576037	21576229	193	21593504	21593706	203	21576033	21576036	ttaa	21593707	21593710	ttaa	21576203	21576222	ggaggagaaactggaagaag	-	26									
21642929	21660064	17136	3_CHROMOSOME_dumped_	21642929	21643290	362	21659712	21660064	353	21642925	21642928	tctg	21660065	21660068	tctg														
21894821	21904623	9803	3_CHROMOSOME_dumped_	21894821	21894960	140	21904490	21904623	134	21894817	21894820	gtga	21904624	21904627	gtga	21894969	21894977	gagaagaga	-	9									
21971055	21975268	4214	3_CHROMOSOME_dumped_	21971055	21971210	156	21975114	21975268	155	21971051	21971054	tcta	21975269	21975272	tcta	21975102	21975113	ggagaagaagga	+	1									
22015001	22020670	5670	3_CHROMOSOME_dumped_	22015001	22015184	184	22020491	22020670	180	22014997	22015000	tcag	22020671	22020674	tcag														
22059535	22064329	4795	3_CHROMOSOME_dumped_	22059535	22059974	440	22063890	22064329	440	22059530	22059534	gctct	22064330	22064334	gctct	22063881	22063889	aagaggggg	+	1									rve
22232190	22236820	4631	3_CHROMOSOME_dumped_	22232190	22232439	250	22236559	22236820	262	22232186	22232189	gaaa	22236821	22236824	gaaa	22236550	22236558	aagggaggg	+	1									rve
22237229	22242466	5238	3_CHROMOSOME_dumped_	22237229	22238122	894	22241573	22242466	894	22237225	22237228	gact	22242467	22242470	gact						22241549	22241567	-	Arabidopsis_thaliana_tRNA-Lys-TTT-1-1 (chr1.trna180-LysTTT) chr1:29833117-29833188 (+) Lys (TTT) 72 bp Sc: 87.3	cgccgtctgtggggaacga	5	0	1	
22334467	22341333	6867	3_CHROMOSOME_dumped_	22334467	22334799	333	22341008	22341333	326	22334463	22334466	aatc	22341334	22341337	aatc														
22513587	22521224	7638	3_CHROMOSOME_dumped_	22513587	22513730	144	22521077	22521224	148	22513583	22513586	tctc	22521225	22521228	tctc														Retrotrans_gag/RVT_1/RNase_H/rve
22695566	22700521	4956	3_CHROMOSOME_dumped_	22695566	22696005	440	22700082	22700521	440	22695561	22695565	tacga	22700522	22700526	tacga	22695993	22696001	gaaagttaa	-	12									rve
23100313	23104853	4541	3_CHROMOSOME_dumped_	23100313	23100532	220	23104635	23104853	219	23100309	23100312	ctaa	23104854	23104857	ctaa														rve
178046	186886	8841	4_CHROMOSOME_dumped_	178046	178148	103	186785	186886	102	178042	178045	gatg	186887	186890	gatg														
1340159	1351874	11716	4_CHROMOSOME_dumped_	1340159	1340282	124	1351752	1351874	123	1340155	1340158	aata	1351875	1351878	aata														
1473821	1478344	4524	4_CHROMOSOME_dumped_	1473821	1473933	113	1478223	1478344	122	1473817	1473820	gttt	1478345	1478348	gttt	1473935	1473943	gccatatca	-	2	1478207	1478218	-	Arabidopsis_thaliana_tRNA-Thr-TGT-4-1 (chr3.trna53-ThrTGT) chr3:21959510-21959580 (+) Thr (TGT) 71 bp Sc: 66.3	cacaagcaggat	4	3	1	
1619054	1624381	5328	4_CHROMOSOME_dumped_	1619054	1619283	230	1624151	1624381	231	1619050	1619053	taaa	1624382	1624385	taaa														Retrotrans_gag/RVT_1/rve
1749269	1755807	6539	4_CHROMOSOME_dumped_	1749269	1749855	587	1755218	1755807	590	1749265	1749268	acag	1755808	1755811	acag														rve
1814108	1818633	4526	4_CHROMOSOME_dumped_	1814108	1814521	414	1818206	1818633	428	1814104	1814107	acca	1818634	1818637	acca														Retrotrans_gag
1943797	1955321	11525	4_CHROMOSOME_dumped_	1943797	1944303	507	1954829	1955321	493	1943792	1943796	aagac	1955322	1955326	aagac						1944309	1944323	+	Arabidopsis_thaliana_tRNA-Lys-TTT-1-1 (chr1.trna180-LysTTT) chr1:29833117-29833188 (+) Lys (TTT) 72 bp Sc: 87.3	cgccgtctgtgggga	5	0	0	Retrotrans_gag/RVT_1/rve
2001193	2010885	9693	4_CHROMOSOME_dumped_	2001193	2001918	726	2010160	2010885	726	2001189	2001192	tgtt	2010886	2010889	tgtt														Retrotrans_gag/RVT_1/rve
2064089	2068818	4730	4_CHROMOSOME_dumped_	2064089	2064319	231	2068598	2068818	221	2064085	2064088	tctt	2068819	2068822	tctt														rve
2188978	2194314	5337	4_CHROMOSOME_dumped_	2188978	2189368	391	2193924	2194314	391	2188974	2188977	gttt	2194315	2194318	gttt	2193916	2193924	gagggggag	+	0									rve
2198167	2203996	5830	4_CHROMOSOME_dumped_	2198167	2198717	551	2203444	2203996	553	2198163	2198166	cact	2203997	2204000	cact	2198716	2198728	aaaaagggggaga	-	1									
2243443	2261156	17714	4_CHROMOSOME_dumped_	2243443	2243656	214	2260951	2261156	206	2243439	2243442	tttc	2261157	2261160	tttc	2243653	2243661	gaaaaaagg	-	3									
2279948	2286705	6758	4_CHROMOSOME_dumped_	2279948	2280388	441	2286258	2286705	448	2279944	2279947	ctga	2286706	2286709	ctga	2286248	2286259	gaagaggagaga	+	1									
2302657	2307843	5187	4_CHROMOSOME_dumped_	2302657	2303148	492	2307362	2307843	482	2302653	2302656	atat	2307844	2307847	atat														rve
2442384	2446881	4498	4_CHROMOSOME_dumped_	2442384	2442589	206	2446689	2446881	193	2442380	2442383	tgat	2446882	2446885	tgat														
2597020	2602180	5161	4_CHROMOSOME_dumped_	2597020	2597469	450	2601735	2602180	446	2597016	2597019	taga	2602181	2602184	taga														rve
2615229	2622565	7337	4_CHROMOSOME_dumped_	2615229	2615387	159	2622424	2622565	142	2615225	2615228	taaa	2622566	2622569	taaa														
2763293	2771367	8075	4_CHROMOSOME_dumped_	2763293	2763465	173	2771180	2771367	188	2763289	2763292	gtca	2771368	2771371	gtca														
2867762	2875913	8152	4_CHROMOSOME_dumped_	2867762	2868909	1148	2874761	2875913	1153	2867758	2867761	tttc	2875914	2875917	tttc	2868883	2868890	cggaaaat	-	26									Retrotrans_gag/RVT_1/rve
2989830	2994788	4959	4_CHROMOSOME_dumped_	2989830	2990401	572	2994219	2994788	570	2989826	2989829	gaaa	2994789	2994792	gaaa														
3704587	3716723	12137	4_CHROMOSOME_dumped_	3704587	3705092	506	3716221	3716723	503	3704581	3704586	acccac	3716724	3716729	acccac														Retrotrans_gag/RVT_1/rve
3881650	3886431	4782	4_CHROMOSOME_dumped_	3881650	3881823	174	3886243	3886431	189	3881646	3881649	ggag	3886432	3886435	ggag	3886229	3886249	agggtgggggtgggggggggg	+	6									RVT_1
3907466	3915200	7735	4_CHROMOSOME_dumped_	3907466	3908075	610	3914591	3915200	610	3907462	3907465	gagc	3915201	3915204	gagc	3914577	3914586	aaaaaggggg	+	5									
4464332	4482516	18185	4_CHROMOSOME_dumped_	4464332	4465306	975	4481536	4482516	981	4464326	4464331	ttcata	4482517	4482522	ttcata														
4623486	4628226	4741	4_CHROMOSOME_dumped_	4623486	4623737	252	4627974	4628226	253	4623482	4623485	ttaa	4628227	4628230	ttaa														rve
4677141	4684195	7055	4_CHROMOSOME_dumped_	4677141	4678300	1160	4683033	4684195	1163	4677137	4677140	attc	4684196	4684199	attc														Retrotrans_gag/RVT_1
4958195	4969598	11404	4_CHROMOSOME_dumped_	4958195	4960001	1807	4967795	4969598	1804	4958191	4958194	ttac	4969599	4969602	ttac						4960001	4960013	+	Arabidopsis_thaliana_tRNA-Asp-GTC-7-1 (chr1.trna211-AspGTC) chr1:16585702-16585776 (-) Asp (GTC) 75 bp Sc: 57.1	tggcgccgttgcc	1	0	1	Retrotrans_gag
5127101	5135153	8053	4_CHROMOSOME_dumped_	5127101	5128258	1158	5133993	5135153	1161	5127097	5127100	ctct	5135154	5135157	ctct														Retrotrans_gag/RVT_1/rve
5291921	5296999	5079	4_CHROMOSOME_dumped_	5291921	5292146	226	5296798	5296999	202	5291917	5291920	aaat	5297000	5297003	aaat	5296788	5296796	aaggaagag	+	2									
5591440	5596425	4986	4_CHROMOSOME_dumped_	5591440	5591627	188	5596243	5596425	183	5591436	5591439	atgg	5596426	5596429	atgg	5596236	5596244	gagggggag	+	1									Retrotrans_gag/rve
5822426	5827300	4875	4_CHROMOSOME_dumped_	5822426	5822560	135	5827166	5827300	135	5822421	5822425	atata	5827301	5827305	atata	5827157	5827165	gaggagggg	+	1									Retrotrans_gag/rve
5987008	5991992	4985	4_CHROMOSOME_dumped_	5987008	5987396	389	5991597	5991992	396	5987004	5987007	tgta	5991993	5991996	tgta	5991588	5991596	gaaggaggg	+	1									Retrotrans_gag/rve
6588726	6593808	5083	4_CHROMOSOME_dumped_	6588726	6589098	373	6593436	6593808	373	6588721	6588725	ctttc	6593809	6593813	ctttc														Retrotrans_gag/rve
6594136	6598635	4500	4_CHROMOSOME_dumped_	6594136	6594412	277	6598364	6598635	272	6594132	6594135	gtag	6598636	6598639	gtag	6598364	6598372	aaaagaaag	+	8									
6659028	6672586	13559	4_CHROMOSOME_dumped_	6659028	6659272	245	6672325	6672586	262	6659024	6659027	caag	6672587	6672590	caag	6672298	6672305	aatggaag	+	20									
6723347	6728791	5445	4_CHROMOSOME_dumped_	6723347	6723554	208	6728586	6728791	206	6723343	6723346	tgga	6728792	6728795	tgga	6728576	6728583	gagggggg	+	3									Retrotrans_gag/rve
6826682	6833259	6578	4_CHROMOSOME_dumped_	6826682	6827248	567	6832691	6833259	569	6826678	6826681	tata	6833260	6833263	tata														
6914662	6919598	4937	4_CHROMOSOME_dumped_	6914662	6914877	216	6919383	6919598	216	6914657	6914661	ctctc	6919599	6919603	ctctc	6914850	6914867	attgctacttatcttatt	-	27									Retrotrans_gag/rve
7298372	7305107	6736	4_CHROMOSOME_dumped_	7298372	7298488	117	7304992	7305107	116	7298368	7298371	cgcg	7305108	7305111	cgcg														
7359462	7364591	5130	4_CHROMOSOME_dumped_	7359462	7359623	162	7364430	7364591	162	7359457	7359461	atttt	7364592	7364596	atttt	7359596	7359613	agagaaagagatagagga	-	27									
7522904	7527330	4427	4_CHROMOSOME_dumped_	7522904	7523122	219	7527107	7527330	224	7522900	7522903	cctg	7527331	7527334	cctg	7527076	7527083	ggaaaaaa	+	24									
7816826	7821792	4967	4_CHROMOSOME_dumped_	7816826	7816987	162	7821631	7821792	162	7816821	7816825	gattt	7821793	7821797	gattt	7816960	7816977	agagaaagagatagagga	-	27									
8086223	8092247	6025	4_CHROMOSOME_dumped_	8086223	8086399	177	8092074	8092247	174	8086219	8086222	attt	8092248	8092251	attt														
8202631	8206965	4335	4_CHROMOSOME_dumped_	8202631	8202753	123	8206838	8206965	128	8202627	8202630	tcag	8206966	8206969	tcag														
8313595	8319066	5472	4_CHROMOSOME_dumped_	8313595	8313841	247	8318828	8319066	239	8313591	8313594	acat	8319067	8319070	acat	8318837	8318846	gaggggggga	+	18									Retrotrans_gag/rve
8589987	8597164	7178	4_CHROMOSOME_dumped_	8589987	8590096	110	8597063	8597164	102	8589983	8589986	tgat	8597165	8597168	tgat	8590071	8590079	ggagaaaga	-	25									
8852913	8857290	4378	4_CHROMOSOME_dumped_	8852913	8853062	150	8857134	8857290	157	8852909	8852912	cttg	8857291	8857294	cttg														
9163509	9172988	9480	4_CHROMOSOME_dumped_	9163509	9163729	221	9172779	9172988	210	9163505	9163508	tatt	9172989	9172992	tatt	9163734	9163749	aaaagtaagaaaggag	-	5									
9182952	9188015	5064	4_CHROMOSOME_dumped_	9182952	9183455	504	9187497	9188015	519	9182948	9182951	tata	9188016	9188019	tata														
9570498	9575604	5107	4_CHROMOSOME_dumped_	9570498	9570646	149	9575452	9575604	153	9570494	9570497	agag	9575605	9575608	agag	9575446	9575454	aagggggag	+	2									
9732605	9737731	5127	4_CHROMOSOME_dumped_	9732605	9732809	205	9737538	9737731	194	9732601	9732604	ccta	9737732	9737735	ccta	9732790	9732800	gtatatactta	-	19									Retrotrans_gag/rve
9908989	9914046	5058	4_CHROMOSOME_dumped_	9908989	9909157	169	9913880	9914046	167	9908985	9908988	atat	9914047	9914050	atat	9913896	9913907	agagaaagagat	+	27									
9950615	9958242	7628	4_CHROMOSOME_dumped_	9950615	9950753	139	9958093	9958242	150	9950611	9950614	actt	9958243	9958246	actt	9958066	9958075	aaagaaagaa	+	18									
10899527	10904693	5167	4_CHROMOSOME_dumped_	10899527	10899697	171	10904531	10904693	163	10899523	10899526	atta	10904694	10904697	atta	10899670	10899679	agagaaagag	-	27									
10992996	10998058	5063	4_CHROMOSOME_dumped_	10992996	10993377	382	10997677	10998058	382	10992991	10992995	atcat	10998059	10998063	atcat						10993381	10993391	+	Arabidopsis_thaliana_tRNA-Met-CAT-1-1 (chr1.trna166-MetCAT) chr1:25941164-25941235 (+) Met (CAT) 72 bp Sc: 66.0	tatcagagcca	3	0	0	rve
11040514	11046715	6202	4_CHROMOSOME_dumped_	11040514	11040968	455	11046238	11046715	478	11040510	11040513	gcaa	11046716	11046719	gcaa	11046207	11046218	atggagagagaa	+	20									RVT_1
11206541	11211219	4679	4_CHROMOSOME_dumped_	11206541	11206791	251	11210976	11211219	244	11206537	11206540	tttt	11211220	11211223	tttt						11210959	11210973	-	Arabidopsis_thaliana_tRNA-Arg-CCT-1-1 (chr1.trna72-ArgCCT) chr1:18387802-18387874 (+) Arg (CCT) 73 bp Sc: 77.0	cgcgccaggtagggg	2	0	0	
11481824	11486753	4930	4_CHROMOSOME_dumped_	11481824	11481995	172	11486582	11486753	172	11481820	11481823	ttga	11486754	11486757	ttga														
11703299	11707622	4324	4_CHROMOSOME_dumped_	11703299	11703597	299	11707331	11707622	292	11703293	11703298	agattt	11707623	11707628	agattt	11703604	11703614	aagaaaaaaga	-	7									
11734522	11739041	4520	4_CHROMOSOME_dumped_	11734522	11734775	254	11738796	11739041	246	11734518	11734521	acac	11739042	11739045	acac														
12211784	12218169	6386	4_CHROMOSOME_dumped_	12211784	12211896	113	12218069	12218169	101	12211780	12211783	gaag	12218170	12218173	gaag	12211884	12211895	ggggaggagaag	-	12									
13336302	13341644	5343	4_CHROMOSOME_dumped_	13336302	13336496	195	13341458	13341644	187	13336298	13336301	ttgt	13341645	13341648	ttgt	13336478	13336486	gaaagaaaa	-	18									
14258825	14263830	5006	4_CHROMOSOME_dumped_	14258825	14259197	373	14263458	14263830	373	14258820	14258824	ctatt	14263831	14263835	ctatt														Retrotrans_gag/rve
14503006	14512023	9018	4_CHROMOSOME_dumped_	14503006	14503242	237	14511786	14512023	238	14503002	14503005	cttt	14512024	14512027	cttt														
14684005	14688751	4747	4_CHROMOSOME_dumped_	14684005	14684260	256	14688501	14688751	251	14684001	14684004	agaa	14688752	14688755	agaa	14688470	14688486	aaaaaaaacaagaaaag	+	15									
15027814	15033127	5314	4_CHROMOSOME_dumped_	15027814	15028114	301	15032816	15033127	312	15027810	15027813	atca	15033128	15033131	atca														
15551901	15565729	13829	4_CHROMOSOME_dumped_	15551901	15552088	188	15565544	15565729	186	15551896	15551900	aactt	15565730	15565734	aactt														RNase_H/Retrotrans_gag
15840427	15844699	4273	4_CHROMOSOME_dumped_	15840427	15840571	145	15844554	15844699	146	15840423	15840426	gaaa	15844700	15844703	gaaa														
16320863	16325954	5092	4_CHROMOSOME_dumped_	16320863	16321077	215	16325744	16325954	211	16320859	16320862	cttt	16325955	16325958	cttt	16321078	16321095	agagaagaagacgaaaag	-	1									
17225299	17230933	5635	4_CHROMOSOME_dumped_	17225299	17225454	156	17230776	17230933	158	17225295	17225298	gaga	17230934	17230937	gaga														
17712151	17716968	4818	4_CHROMOSOME_dumped_	17712151	17712468	318	17716664	17716968	305	17712147	17712150	tttt	17716969	17716972	tttt	17716653	17716663	aagggggaaaa	+	1									rve
18381613	18390512	8900	4_CHROMOSOME_dumped_	18381613	18381804	192	18390326	18390512	187	18381609	18381612	agaa	18390513	18390516	agaa	18381821	18381835	aagacgacgaagaag	-	17									
64772	71199	6428	5_CHROMOSOME_dumped_	64772	65108	337	70863	71199	337	64767	64771	gcatc	71200	71204	gcatc														rve
211336	219089	7754	5_CHROMOSOME_dumped_	211336	212169	834	218251	219089	839	211332	211335	tcgt	219090	219093	tcgt	212179	212187	aaaggaaaa	-	10									
1331310	1337190	5881	5_CHROMOSOME_dumped_	1331310	1331710	401	1336788	1337190	403	1331306	1331309	ttct	1337191	1337194	ttct	1336772	1336783	aaagagaggaaa	+	5									
1961367	1970365	8999	5_CHROMOSOME_dumped_	1961367	1961649	283	1970078	1970365	288	1961363	1961366	gttt	1970366	1970369	gttt														
2373775	2379810	6036	5_CHROMOSOME_dumped_	2373775	2373946	172	2379643	2379810	168	2373770	2373774	tcagt	2379811	2379815	tcagt														RVT_1
2380969	2405489	24521	5_CHROMOSOME_dumped_	2380969	2381239	271	2405219	2405489	271	2380965	2380968	aaat	2405490	2405493	aaat														
2510278	2515356	5079	5_CHROMOSOME_dumped_	2510278	2510515	238	2515121	2515356	236	2510274	2510277	tgaa	2515357	2515360	tgaa	2510488	2510501	aagaagaagaagag	-	27									
3247646	3253022	5377	5_CHROMOSOME_dumped_	3247646	3247844	199	3252833	3253022	190	3247642	3247645	ggct	3253023	3253026	ggct	3252802	3252812	aaaaaaaaaaa	+	21									
3904675	3909862	5188	5_CHROMOSOME_dumped_	3904675	3904942	268	3909593	3909862	270	3904671	3904674	caag	3909863	3909866	caag														Retrotrans_gag/RVT_1/rve
4208083	4213084	5002	5_CHROMOSOME_dumped_	4208083	4208545	463	4212622	4213084	463	4208078	4208082	gtttt	4213085	4213089	gtttt	4208533	4208541	gaaagttaa	-	12									rve
5603823	5608721	4899	5_CHROMOSOME_dumped_	5603823	5604106	284	5608424	5608721	298	5603819	5603822	tcca	5608722	5608725	tcca	5604106	5604113	aaaagaaa	-	0									
6064597	6068747	4151	5_CHROMOSOME_dumped_	6064597	6064709	113	6068623	6068747	125	6064593	6064596	gttt	6068748	6068751	gttt														
6403057	6408054	4998	5_CHROMOSOME_dumped_	6403057	6403268	212	6407843	6408054	212	6403053	6403056	aata	6408055	6408058	aata														Retrotrans_gag/rve
6433629	6438777	5149	5_CHROMOSOME_dumped_	6433629	6433759	131	6438646	6438777	132	6433625	6433628	aagc	6438778	6438781	aagc	6433780	6433790	aatccttcaga	-	21									Retrotrans_gag/rve
6468251	6472831	4581	5_CHROMOSOME_dumped_	6468251	6468359	109	6472721	6472831	111	6468247	6468250	agtt	6472832	6472835	agtt	6468339	6468348	aaaaaaggga	-	20									
7170326	7177335	7010	5_CHROMOSOME_dumped_	7170326	7170647	322	7177029	7177335	307	7170322	7170325	ttgg	7177336	7177339	ttgg														
7210794	7219564	8771	5_CHROMOSOME_dumped_	7210794	7211000	207	7219370	7219564	195	7210790	7210793	atgg	7219565	7219568	atgg	7210984	7210992	gagaagaag	-	16									
7505453	7511007	5555	5_CHROMOSOME_dumped_	7505453	7505583	131	7510872	7511007	136	7505449	7505452	cttt	7511008	7511011	cttt														
7511425	7516841	5417	5_CHROMOSOME_dumped_	7511425	7511618	194	7516638	7516841	204	7511421	7511424	tgtt	7516842	7516845	tgtt						7516628	7516638	-	Arabidopsis_thaliana_tRNA-Gln-CTG-1-1 (chr4.trna5-GlnCTG) chr4:1501607-1501678 (+) Gln (CTG) 72 bp Sc: 70.4	ctaccgagatt	1	5	0	
7820047	7826629	6583	5_CHROMOSOME_dumped_	7820047	7820681	635	7825989	7826629	641	7820043	7820046	cggt	7826630	7826633	cggt														
7858641	7864260	5620	5_CHROMOSOME_dumped_	7858641	7859260	620	7863633	7864260	628	7858637	7858640	ttgt	7864261	7864264	ttgt														
8204176	8218846	14671	5_CHROMOSOME_dumped_	8204176	8204340	165	8218686	8218846	161	8204172	8204175	agca	8218847	8218850	agca						8204346	8204356	+	Arabidopsis_thaliana_tRNA-Ser-TGA-6-1 (chrCp.trna25-SerTGA) chrCp:35312-35403 (-) Ser (TGA) 92 bp Sc: 57.9	ggagagtgagg	5	1	1	
8245442	8252558	7117	5_CHROMOSOME_dumped_	8245442	8245650	209	8252357	8252558	202	8245438	8245441	gtgg	8252559	8252562	gtgg														
8927997	8934328	6332	5_CHROMOSOME_dumped_	8927997	8928333	337	8933992	8934328	337	8927992	8927996	tttct	8934329	8934333	tttct	8933983	8933991	aagggggag	+	1									rve
9181894	9189365	7472	5_CHROMOSOME_dumped_	9181894	9182742	849	9188523	9189365	843	9181890	9181893	aatt	9189366	9189369	aatt	9188510	9188526	aaaggagaaaaagagag	+	3									Retrotrans_gag/RVT_1/rve
9381694	9386622	4929	5_CHROMOSOME_dumped_	9381694	9381866	173	9386449	9386622	174	9381690	9381693	attt	9386623	9386626	attt	9381839	9381846	tgcccatt	-	27	9386434	9386444	-	Arabidopsis_thaliana_tRNA-Tyr-GTA-6-1 (chr1.trna79-TyrGTA) chr1:21269122-21269206 (+) Tyr (GTA) 85 bp Sc: 71.2	tcctacctagc	4	0	1	
9949175	9954432	5258	5_CHROMOSOME_dumped_	9949175	9949677	503	9953947	9954432	486	9949171	9949174	taga	9954433	9954436	taga	9953953	9953960	gaggggga	+	13	9949676	9949686	+	Arabidopsis_thaliana_tRNA-Met-CAT-1-1 (chr1.trna166-MetCAT) chr1:25941164-25941235 (+) Met (CAT) 72 bp Sc: 66.0	tatcagagcca	2	0	0	Retrotrans_gag/rve
10026369	10030633	4265	5_CHROMOSOME_dumped_	10026369	10026536	168	10030480	10030633	154	10026365	10026368	ttac	10030634	10030637	ttac														
10128753	10133863	5111	5_CHROMOSOME_dumped_	10128753	10128917	165	10133696	10133863	168	10128748	10128752	attac	10133864	10133868	attac	10133687	10133695	gagggggag	+	1									Retrotrans_gag/rve
10359352	10364274	4923	5_CHROMOSOME_dumped_	10359352	10359485	134	10364138	10364274	137	10359348	10359351	ttca	10364275	10364278	ttca	10359458	10359465	atataagt	-	27									Retrotrans_gag/rve
10638480	10643372	4893	5_CHROMOSOME_dumped_	10638480	10638650	171	10643200	10643372	173	10638476	10638479	tgat	10643373	10643376	tgat	10643208	10643216	gagggggag	+	16									Retrotrans_gag/rve
10808404	10812940	4537	5_CHROMOSOME_dumped_	10808404	10808634	231	10812700	10812940	241	10808400	10808403	agaa	10812941	10812944	agaa	10812710	10812722	aaagagatgagag	+	22									rve
11159506	11166120	6615	5_CHROMOSOME_dumped_	11159506	11160714	1209	11164913	11166120	1208	11159501	11159505	gtata	11166121	11166125	gtata						11160719	11160732	+	Arabidopsis_thaliana_tRNA-Asp-GTC-5-1 (chr5.trna27-AspGTC) chr5:11785055-11785129 (+) Asp (GTC) 75 bp Sc: 60.1	tggcgccgtcgccg	4	0	1	Retrotrans_gag
11491567	11496131	4565	5_CHROMOSOME_dumped_	11491567	11491856	290	11495836	11496131	296	11491563	11491566	ttga	11496132	11496135	ttga	11495835	11495860	aagagaaatgaatgaaatggaggaag	+	24									
11503488	11512862	9375	5_CHROMOSOME_dumped_	11503488	11504268	781	11512078	11512862	785	11503484	11503487	ttgt	11512863	11512866	ttgt														RVT_1/rve
11515554	11521087	5534	5_CHROMOSOME_dumped_	11515554	11516309	756	11520336	11521087	752	11515550	11515553	tcca	11521088	11521091	tcca														Retrotrans_gag
11621561	11635005	13445	5_CHROMOSOME_dumped_	11621561	11622067	507	11634497	11635005	509	11621557	11621560	attt	11635006	11635009	attt														rve
11980554	11994151	13598	5_CHROMOSOME_dumped_	11980554	11981749	1196	11992959	11994151	1193	11980550	11980553	ttgt	11994152	11994155	ttgt	11992972	11992979	aaaaggag	+	20									Retrotrans_gag/RVT_1/rve
12189060	12194348	5289	5_CHROMOSOME_dumped_	12189060	12189648	589	12193781	12194348	568	12189056	12189059	acac	12194349	12194352	acac														rve
13253687	13258453	4767	5_CHROMOSOME_dumped_	13253687	13253811	125	13258330	13258453	124	13253683	13253686	taat	13258454	13258457	taat														Retrotrans_gag/rve
13261021	13272510	11490	5_CHROMOSOME_dumped_	13261021	13262781	1761	13270750	13272510	1761	13261016	13261020	ggttc	13272511	13272515	ggttc														Retrotrans_gag/RVT_1/rve
13344204	13354020	9817	5_CHROMOSOME_dumped_	13344204	13344463	260	13353761	13354020	260	13344200	13344203	atat	13354021	13354024	atat														RVT_1
13607605	13621821	14217	5_CHROMOSOME_dumped_	13607605	13608031	427	13621389	13621821	433	13607601	13607604	gtaa	13621822	13621825	gtaa	13621365	13621375	aaaataaaaaa	+	14									
13712934	13721136	8203	5_CHROMOSOME_dumped_	13712934	13713243	310	13720825	13721136	312	13712930	13712933	taaa	13721137	13721140	taaa														RVT_1
13736102	13741134	5033	5_CHROMOSOME_dumped_	13736102	13736226	125	13741005	13741134	130	13736098	13736101	tttg	13741135	13741138	tttg														rve
13948926	13953982	5057	5_CHROMOSOME_dumped_	13948926	13949089	164	13953819	13953982	164	13948921	13948925	gataa	13953983	13953987	gataa	13953815	13953823	gagggggag	+	4									Retrotrans_gag/rve
14083253	14088531	5279	5_CHROMOSOME_dumped_	14083253	14083382	130	14088413	14088531	119	14083249	14083252	ggtg	14088532	14088535	ggtg														Retrotrans_gag/rve
14113154	14118424	5271	5_CHROMOSOME_dumped_	14113154	14113295	142	14118283	14118424	142	14113150	14113153	tttt	14118425	14118428	tttt	14113317	14113325	ttccttcct	-	22									Retrotrans_gag/rve
14203867	14209072	5206	5_CHROMOSOME_dumped_	14203867	14204375	509	14208578	14209072	495	14203863	14203866	tcca	14209073	14209076	tcca						14204373	14204383	+	Arabidopsis_thaliana_tRNA-Leu-TAA-2-1 (chr2.trna49-LeuTAA) chr2:15320234-15320316 (+) Leu (TAA) 83 bp Sc: 81.1	caggctttggg	3	2	1	rve
14409576	14414448	4873	5_CHROMOSOME_dumped_	14409576	14409727	152	14414299	14414448	150	14409572	14409575	caaa	14414449	14414452	caaa	14414293	14414301	aagggggag	+	2									
14468876	14473748	4873	5_CHROMOSOME_dumped_	14468876	14469027	152	14473599	14473748	150	14468872	14468875	caaa	14473749	14473752	caaa	14473593	14473601	aagggggag	+	2									
14756546	14764119	7574	5_CHROMOSOME_dumped_	14756546	14756718	173	14763937	14764119	183	14756542	14756545	tatt	14764120	14764123	tatt														
14873452	14880646	7195	5_CHROMOSOME_dumped_	14873452	14873890	439	14880192	14880646	455	14873448	14873451	ttaa	14880647	14880650	ttaa														
15175722	15180975	5254	5_CHROMOSOME_dumped_	15175722	15176317	596	15180381	15180975	595	15175718	15175721	gaat	15180976	15180979	gaat	15180363	15180377	aaagacaaggtggag	+	4									
15277978	15284587	6610	5_CHROMOSOME_dumped_	15277978	15278104	127	15284454	15284587	134	15277974	15277977	cttt	15284588	15284591	cttt	15278110	15278117	aaagggaa	-	6									
15320410	15326088	5679	5_CHROMOSOME_dumped_	15320410	15320638	229	15325863	15326088	226	15320405	15320409	tgaaa	15326089	15326093	tgaaa	15320628	15320637	aaagaagaag	-	10									
15377478	15384917	7440	5_CHROMOSOME_dumped_	15377478	15378066	589	15384327	15384917	591	15377474	15377477	attc	15384918	15384921	attc	15384340	15384348	agaaaagga	+	21									
15411867	15416287	4421	5_CHROMOSOME_dumped_	15411867	15412127	261	15416018	15416287	270	15411863	15411866	aaga	15416288	15416291	aaga														
15646198	15651172	4975	5_CHROMOSOME_dumped_	15646198	15646572	375	15650798	15651172	375	15646194	15646197	agag	15651173	15651176	agag														rve
15813256	15821248	7993	5_CHROMOSOME_dumped_	15813256	15813479	224	15821023	15821248	226	15813252	15813255	agaa	15821249	15821252	agaa														
16509654	16515435	5782	5_CHROMOSOME_dumped_	16509654	16509960	307	16515135	16515435	301	16509650	16509653	attt	16515436	16515439	attt														
16615185	16620067	4883	5_CHROMOSOME_dumped_	16615185	16615338	154	16619909	16620067	159	16615181	16615184	tcat	16620068	16620071	tcat														
16882616	16889700	7085	5_CHROMOSOME_dumped_	16882616	16882737	122	16889575	16889700	126	16882612	16882615	ttct	16889701	16889704	ttct														
17090770	17095675	4906	5_CHROMOSOME_dumped_	17090770	17090930	161	17095515	17095675	161	17090766	17090769	tgcg	17095676	17095679	tgcg														Retrotrans_gag/rve
17394157	17400642	6486	5_CHROMOSOME_dumped_	17394157	17394300	144	17400507	17400642	136	17394153	17394156	agcc	17400643	17400646	agcc														
17596764	17605847	9084	5_CHROMOSOME_dumped_	17596764	17597314	551	17605293	17605847	555	17596760	17596763	atat	17605848	17605851	atat	17605284	17605296	aaaaagggggaga	+	3									rve
18119049	18132012	12964	5_CHROMOSOME_dumped_	18119049	18119196	148	18131860	18132012	153	18119045	18119048	cagt	18132013	18132016	cagt														
18142156	18146897	4742	5_CHROMOSOME_dumped_	18142156	18142275	120	18146778	18146897	120	18142151	18142155	gattt	18146898	18146902	gattt	18142259	18142269	gagttgtatat	-	16									Retrotrans_gag/rve
18233616	18238203	4588	5_CHROMOSOME_dumped_	18233616	18233874	259	18237944	18238203	260	18233612	18233615	aact	18238204	18238207	aact	18237932	18237940	ggaaaggag	+	4									rve
18490606	18495233	4628	5_CHROMOSOME_dumped_	18490606	18490879	274	18494961	18495233	273	18490602	18490605	tttt	18495234	18495237	tttt														rve
18511248	18518552	7305	5_CHROMOSOME_dumped_	18511248	18511380	133	18518414	18518552	139	18511244	18511247	acaa	18518553	18518556	acaa														
18551370	18557055	5686	5_CHROMOSOME_dumped_	18551370	18551484	115	18556954	18557055	102	18551366	18551369	taag	18557056	18557059	taag														
18673108	18678357	5250	5_CHROMOSOME_dumped_	18673108	18673367	260	18678110	18678357	248	18673104	18673107	attg	18678358	18678361	attg														
18933102	18938947	5846	5_CHROMOSOME_dumped_	18933102	18933630	529	18938412	18938947	536	18933098	18933101	attt	18938948	18938951	attt	18933647	18933659	aaaaagggggaga	-	17									
19345986	19351107	5122	5_CHROMOSOME_dumped_	19345986	19346159	174	19350942	19351107	166	19345982	19345985	ggat	19351108	19351111	ggat														
19700784	19710576	9793	5_CHROMOSOME_dumped_	19700784	19701028	245	19710340	19710576	237	19700780	19700783	aaaa	19710577	19710580	aaaa														
19987111	19992585	5475	5_CHROMOSOME_dumped_	19987111	19987273	163	19992424	19992585	162	19987107	19987110	atca	19992586	19992589	atca	19992412	19992441	gaaaaaagtgataaagaaagaagacaggga	+	17									
20391919	20401644	9726	5_CHROMOSOME_dumped_	20391919	20392103	185	20401467	20401644	178	20391914	20391918	ctttt	20401645	20401649	ctttt														
21384430	21390116	5687	5_CHROMOSOME_dumped_	21384430	21384643	214	21389919	21390116	198	21384426	21384429	tgaa	21390117	21390120	tgaa	21389893	21389905	gggggaaaaaaag	+	14									
21800243	21805138	4896	5_CHROMOSOME_dumped_	21800243	21800351	109	21805030	21805138	109	21800239	21800242	agaa	21805139	21805142	agaa	21805049	21805057	gaagagaaa	+	27									
21915762	21920415	4654	5_CHROMOSOME_dumped_	21915762	21916311	550	21919877	21920415	539	21915758	21915761	atcg	21920416	21920419	atcg														
22002013	22006896	4884	5_CHROMOSOME_dumped_	22002013	22002207	195	22006704	22006896	193	22002009	22002012	gttt	22006897	22006900	gttt														Retrotrans_gag/rve
22911048	22916161	5114	5_CHROMOSOME_dumped_	22911048	22911208	161	22916000	22916161	162	22911043	22911047	aaaat	22916162	22916166	aaaat	22911181	22911198	agagaaagagataaaaga	-	27									
24129974	24138730	8757	5_CHROMOSOME_dumped_	24129974	24130082	109	24138627	24138730	104	24129970	24129973	tgtt	24138731	24138734	tgtt						24130080	24130090	+	Arabidopsis_thaliana_tRNA-Gln-CTG-1-1 (chr4.trna5-GlnCTG) chr4:1501607-1501678 (+) Gln (CTG) 72 bp Sc: 70.4	ctaccgaaatt	3	5	1	
24526077	24530973	4897	5_CHROMOSOME_dumped_	24526077	24526689	613	24530359	24530973	615	24526073	24526076	ttta	24530974	24530977	ttta														
25509002	25517288	8287	5_CHROMOSOME_dumped_	25509002	25509119	118	25517171	25517288	118	25508998	25509001	cact	25517289	25517292	cact														
25992308	25997851	5544	5_CHROMOSOME_dumped_	25992308	25992505	198	25997667	25997851	185	25992304	25992307	ctgt	25997852	25997855	ctgt	25992519	25992528	aaaagagaaa	-	14									
26207873	26219365	11493	5_CHROMOSOME_dumped_	26207873	26207981	109	26219266	26219365	100	26207869	26207872	agat	26219366	26219369	agat	26219266	26219279	agagagagagacga	+	13									
26587592	26591987	4396	5_CHROMOSOME_dumped_	26587592	26587723	132	26591854	26591987	134	26587588	26587591	gatt	26591988	26591991	gatt	26591838	26591846	aaagaaagg	+	8									
111563	129916	18354	mitochondria_CHROMOS	111563	111753	191	129725	129916	192	111559	111562	cagt	129917	129920	cagt														rve
241879	260732	18854	mitochondria_CHROMOS	241879	242086	208	260529	260732	204	241875	241878	caaa	260733	260736	caaa														
